{
    "loss": 1.794418215751648,
    "accuracy": 0.9224137663841248
}